Index,Incoming Calls,Incoming New Calls,Incoming Handoff Calls,Answered Calls,Answered New Calls,Answered Handoff Calls,Call Answering Rate,Blocked Calls,Blocking Probability,Dropping Probability,Response Time
1,132,92,40,124,86,37,0.94,8,0.060606,0.075,00:00:13
2,136,95,41,133,93,40,0.98,3,0.022059,0.02439,00:00:21
3,101,70,31,93,65,28,0.93,8,0.079208,0.096774,00:00:18
4,218,152,66,207,144,62,0.95,11,0.050459,0.060606,00:00:13
5,50,35,15,48,33,14,0.96,2,0.04,0.066667,00:00:21
6,132,92,40,124,86,37,0.94,8,0.060606,0.075,00:00:21
7,151,105,46,147,102,45,0.98,4,0.02649,0.021739,00:00:18
8,244,170,74,234,163,71,0.96,10,0.040984,0.040541,00:00:05
9,117,81,36,108,75,33,0.93,9,0.076923,0.083333,00:00:13
10,129,90,39,125,87,37,0.97,4,0.031008,0.051282,00:00:04
11,181,126,55,171,119,52,0.95,10,0.055249,0.054545,00:00:17
12,160,112,48,152,106,45,0.95,8,0.05,0.0625,00:00:03
13,179,125,54,170,118,51,0.95,9,0.050279,0.055556,00:00:17
14,287,200,87,272,190,82,0.95,15,0.052265,0.057471,00:00:11
15,221,154,67,216,150,65,0.98,5,0.022624,0.029851,00:00:21
16,190,133,57,172,121,51,0.91,18,0.094737,0.105263,00:00:20
17,51,35,16,47,32,14,0.93,4,0.078431,0.125,00:00:23
18,282,197,85,256,179,77,0.91,26,0.092199,0.094118,00:00:21
19,265,185,80,259,181,78,0.98,6,0.022642,0.025,00:00:04
20,78,54,24,72,50,22,0.93,6,0.076923,0.083333,00:00:02
21,88,61,27,87,60,26,0.99,1,0.011364,0.037037,00:00:20
22,199,139,60,189,132,57,0.95,10,0.050251,0.05,00:00:16
23,217,151,66,212,147,64,0.98,5,0.023041,0.030303,00:00:18
24,219,153,66,219,153,66,1.0,0,0.0,0.0,00:00:08
25,204,142,62,199,139,60,0.98,5,0.02451,0.032258,00:00:03
26,80,56,24,79,55,23,0.99,1,0.0125,0.041667,00:00:09
27,84,58,26,78,54,24,0.94,6,0.071429,0.076923,00:00:20
28,273,191,82,262,183,78,0.96,11,0.040293,0.04878,00:00:06
29,160,112,48,148,104,44,0.93,12,0.075,0.083333,00:00:10
30,164,114,50,150,104,46,0.92,14,0.085366,0.08,00:00:21
31,50,35,15,47,33,14,0.95,3,0.06,0.066667,00:00:10
32,196,137,59,188,131,56,0.96,8,0.040816,0.050847,00:00:13
33,118,82,36,109,76,33,0.93,9,0.076271,0.083333,00:00:17
34,43,30,13,41,28,12,0.96,2,0.046512,0.076923,00:00:09
35,271,189,82,268,187,81,0.99,3,0.01107,0.012195,00:00:17
36,294,205,89,282,196,85,0.96,12,0.040816,0.044944,00:00:24
37,82,57,25,79,55,24,0.97,3,0.036585,0.04,00:00:09
38,121,84,37,118,82,36,0.98,3,0.024793,0.027027,00:00:09
39,293,205,88,293,205,88,1.0,0,0.0,0.0,00:00:01
40,64,44,20,61,42,19,0.96,3,0.046875,0.05,00:00:02
41,235,164,71,230,160,69,0.98,5,0.021277,0.028169,00:00:16
42,110,77,33,110,77,33,1.0,0,0.0,0.0,00:00:01
43,79,55,24,78,54,23,0.99,1,0.012658,0.041667,00:00:10
44,31,21,10,28,19,9,0.91,3,0.096774,0.1,00:00:18
45,83,58,25,78,54,23,0.94,5,0.060241,0.08,00:00:08
46,135,94,41,125,87,38,0.93,10,0.074074,0.073171,00:00:21
47,289,202,87,262,183,79,0.91,27,0.093426,0.091954,00:00:11
48,220,154,66,211,147,63,0.96,9,0.040909,0.045455,00:00:23
49,247,172,75,239,166,72,0.97,8,0.032389,0.04,00:00:02
50,73,51,22,71,49,21,0.98,2,0.027397,0.045455,00:00:08
51,191,133,58,173,121,52,0.91,18,0.094241,0.103448,00:00:22
52,231,161,70,228,159,69,0.99,3,0.012987,0.014286,00:00:08
53,299,209,90,287,200,86,0.96,12,0.040134,0.044444,00:00:17
54,244,170,74,236,164,71,0.97,8,0.032787,0.040541,00:00:15
55,281,196,85,278,194,84,0.99,3,0.010676,0.011765,00:00:17
56,219,153,66,210,146,63,0.96,9,0.041096,0.045455,00:00:23
57,242,169,73,225,157,67,0.93,17,0.070248,0.082192,00:00:24
58,237,165,72,232,161,70,0.98,5,0.021097,0.027778,00:00:13
59,266,186,80,250,174,75,0.94,16,0.06015,0.0625,00:00:19
60,82,57,25,73,51,22,0.9,9,0.109756,0.12,00:00:05
61,246,172,74,241,168,72,0.98,5,0.020325,0.027027,00:00:12
62,281,196,85,261,182,79,0.93,20,0.071174,0.070588,00:00:01
63,217,151,66,212,147,64,0.98,5,0.023041,0.030303,00:00:23
64,70,49,21,65,46,19,0.94,5,0.071429,0.095238,00:00:05
65,186,130,56,184,128,55,0.99,2,0.010753,0.017857,00:00:08
66,44,30,14,40,27,12,0.92,4,0.090909,0.142857,00:00:13
67,94,65,29,94,65,29,1.0,0,0.0,0.0,00:00:08
68,38,26,12,37,25,11,0.98,1,0.026316,0.083333,00:00:23
69,158,110,48,143,100,43,0.91,15,0.094937,0.104167,00:00:11
70,165,115,50,158,110,48,0.96,7,0.042424,0.04,00:00:01
71,92,64,28,92,64,28,1.0,0,0.0,0.0,00:00:13
72,168,117,51,159,111,48,0.95,9,0.053571,0.058824,00:00:19
73,110,77,33,101,70,30,0.92,9,0.081818,0.090909,00:00:24
74,192,134,58,182,127,55,0.95,10,0.052083,0.051724,00:00:03
75,290,203,87,275,192,82,0.95,15,0.051724,0.057471,00:00:24
76,260,182,78,252,176,75,0.97,8,0.030769,0.038462,00:00:17
77,70,49,21,67,47,20,0.97,3,0.042857,0.047619,00:00:05
78,57,39,18,53,36,16,0.94,4,0.070175,0.111111,00:00:20
79,164,114,50,150,104,46,0.92,14,0.085366,0.08,00:00:21
80,230,161,69,220,154,66,0.96,10,0.043478,0.043478,00:00:08
81,297,207,90,279,194,84,0.94,18,0.060606,0.066667,00:00:14
82,62,43,19,56,39,17,0.91,6,0.096774,0.105263,00:00:04
83,77,53,24,76,52,23,0.99,1,0.012987,0.041667,00:00:11
84,91,63,28,88,61,27,0.97,3,0.032967,0.035714,00:00:20
85,245,171,74,237,165,71,0.97,8,0.032653,0.040541,00:00:15
86,128,89,39,125,87,38,0.98,3,0.023438,0.025641,00:00:19
87,201,140,61,190,133,57,0.95,11,0.054726,0.065574,00:00:07
88,243,170,73,238,166,71,0.98,5,0.020576,0.027397,00:00:19
89,64,44,20,60,41,19,0.95,4,0.0625,0.05,00:00:19
90,256,179,77,232,162,70,0.91,24,0.09375,0.090909,00:00:11
91,130,91,39,122,85,36,0.94,8,0.061538,0.076923,00:00:05
92,160,112,48,152,106,45,0.95,8,0.05,0.0625,00:00:05
93,286,200,86,277,194,83,0.97,9,0.031469,0.034884,00:00:22
94,34,23,11,30,20,10,0.91,4,0.117647,0.090909,00:00:08
95,247,172,75,224,156,68,0.91,23,0.093117,0.093333,00:00:10
96,284,198,86,264,184,79,0.93,20,0.070423,0.081395,00:00:06
97,236,165,71,219,153,66,0.93,17,0.072034,0.070423,00:00:15
98,44,30,14,42,29,13,0.97,2,0.045455,0.071429,00:00:16
99,71,49,22,66,45,20,0.93,5,0.070423,0.090909,00:00:17
100,208,145,63,199,139,60,0.96,9,0.043269,0.047619,00:00:08
101,92,64,28,87,60,26,0.95,5,0.054348,0.071429,00:00:08
102,260,182,78,249,174,74,0.96,11,0.042308,0.051282,00:00:09
103,270,189,81,264,185,79,0.98,6,0.022222,0.024691,00:00:02
104,81,56,25,76,52,23,0.94,5,0.061728,0.08,00:00:15
105,125,87,38,122,85,37,0.98,3,0.024,0.026316,00:00:18
106,251,175,76,235,164,71,0.94,16,0.063745,0.065789,00:00:03
107,260,182,78,244,171,73,0.94,16,0.061538,0.064103,00:00:17
108,266,186,80,266,186,80,1.0,0,0.0,0.0,00:00:04
109,172,120,52,158,110,47,0.92,14,0.081395,0.096154,00:00:04
110,200,140,60,182,127,54,0.91,18,0.09,0.1,00:00:14
111,58,40,18,56,39,17,0.98,2,0.034483,0.055556,00:00:09
112,65,45,20,59,40,18,0.91,6,0.092308,0.1,00:00:09
113,42,29,13,41,28,12,0.98,1,0.02381,0.076923,00:00:23
114,189,132,57,177,124,53,0.94,12,0.063492,0.070175,00:00:18
115,216,151,65,213,149,64,0.99,3,0.013889,0.015385,00:00:10
116,272,190,82,263,184,79,0.97,9,0.033088,0.036585,00:00:21
117,115,80,35,110,76,33,0.96,5,0.043478,0.057143,00:00:04
118,95,66,29,94,65,28,0.99,1,0.010526,0.034483,00:00:12
119,199,139,60,187,130,56,0.94,12,0.060302,0.066667,00:00:08
120,74,51,23,74,51,23,1.0,0,0.0,0.0,00:00:02
121,91,63,28,82,57,25,0.91,9,0.098901,0.107143,00:00:22
122,163,114,49,154,108,46,0.95,9,0.055215,0.061224,00:00:13
123,57,39,18,53,36,16,0.93,4,0.070175,0.111111,00:00:21
124,137,95,42,130,90,39,0.95,7,0.051095,0.071429,00:00:16
125,73,51,22,67,46,20,0.92,6,0.082192,0.090909,00:00:02
126,157,109,48,153,106,47,0.98,4,0.025478,0.020833,00:00:11
127,260,182,78,254,178,76,0.98,6,0.023077,0.025641,00:00:10
128,219,153,66,219,153,66,1.0,0,0.0,0.0,00:00:15
129,254,177,77,233,162,70,0.92,21,0.082677,0.090909,00:00:17
130,150,105,45,144,100,43,0.96,6,0.04,0.044444,00:00:08
131,145,101,44,137,95,41,0.95,8,0.055172,0.068182,00:00:18
132,262,183,79,243,170,73,0.93,19,0.072519,0.075949,00:00:23
133,288,201,87,270,188,81,0.94,18,0.0625,0.068966,00:00:09
134,227,158,69,213,148,64,0.94,14,0.061674,0.072464,00:00:08
135,166,116,50,161,112,48,0.97,5,0.03012,0.04,00:00:14
136,194,135,59,186,129,56,0.96,8,0.041237,0.050847,00:00:18
137,254,177,77,241,168,73,0.95,13,0.051181,0.051948,00:00:22
138,263,184,79,239,167,71,0.91,24,0.091255,0.101266,00:00:20
139,201,140,61,182,127,55,0.91,19,0.094527,0.098361,00:00:20
140,181,126,55,162,113,49,0.9,19,0.104972,0.109091,00:00:21
141,189,132,57,189,132,57,1.0,0,0.0,0.0,00:00:12
142,125,87,38,112,78,34,0.9,13,0.104,0.105263,00:00:19
143,262,183,79,238,166,71,0.91,24,0.091603,0.101266,00:00:14
144,209,146,63,194,135,58,0.93,15,0.07177,0.079365,00:00:17
145,142,99,43,139,97,42,0.98,3,0.021127,0.023256,00:00:24
146,81,56,25,81,56,25,1.0,0,0.0,0.0,00:00:21
147,297,207,90,291,202,88,0.98,6,0.020202,0.022222,00:00:03
148,142,99,43,137,96,41,0.97,5,0.035211,0.046512,00:00:23
149,130,91,39,123,86,37,0.95,7,0.053846,0.051282,00:00:07
150,142,99,43,129,90,39,0.91,13,0.091549,0.093023,00:00:17
151,110,77,33,110,77,33,1.0,0,0.0,0.0,00:00:12
152,216,151,65,211,147,63,0.98,5,0.023148,0.030769,00:00:09
153,142,99,43,136,95,41,0.96,6,0.042254,0.046512,00:00:15
154,31,21,10,30,20,9,0.98,1,0.032258,0.1,00:00:18
155,159,111,48,154,107,46,0.97,5,0.031447,0.041667,00:00:21
156,249,174,75,239,167,72,0.96,10,0.040161,0.04,00:00:13
157,83,58,25,83,58,25,1.0,0,0.0,0.0,00:00:21
158,253,177,76,250,175,75,0.99,3,0.011858,0.013158,00:00:08
159,254,177,77,243,169,73,0.96,11,0.043307,0.051948,00:00:14
160,155,108,47,150,104,45,0.97,5,0.032258,0.042553,00:00:08
161,159,111,48,144,101,43,0.91,15,0.09434,0.104167,00:00:14
162,82,57,25,79,55,24,0.97,3,0.036585,0.04,00:00:07
163,201,140,61,180,126,54,0.9,21,0.104478,0.114754,00:00:23
164,247,172,75,237,165,72,0.96,10,0.040486,0.04,00:00:12
165,189,132,57,189,132,57,1.0,0,0.0,0.0,00:00:11
166,227,158,69,217,151,66,0.96,10,0.044053,0.043478,00:00:22
167,276,193,83,262,183,78,0.95,14,0.050725,0.060241,00:00:22
168,232,162,70,215,150,65,0.93,17,0.073276,0.071429,00:00:11
169,213,149,64,193,135,58,0.91,20,0.093897,0.09375,00:00:22
170,152,106,46,147,102,44,0.97,5,0.032895,0.043478,00:00:13
171,284,198,86,261,182,79,0.92,23,0.080986,0.081395,00:00:18
172,127,88,39,115,80,35,0.91,12,0.094488,0.102564,00:00:02
173,227,158,69,213,148,64,0.94,14,0.061674,0.072464,00:00:21
174,269,188,81,263,184,79,0.98,6,0.022305,0.024691,00:00:15
175,173,121,52,167,117,50,0.97,6,0.034682,0.038462,00:00:20
176,126,88,38,114,80,34,0.91,12,0.095238,0.105263,00:00:18
177,230,161,69,218,152,65,0.95,12,0.052174,0.057971,00:00:15
178,153,107,46,145,101,43,0.95,8,0.052288,0.065217,00:00:19
179,216,151,65,207,144,62,0.96,9,0.041667,0.046154,00:00:23
180,288,201,87,279,194,84,0.97,9,0.03125,0.034483,00:00:24
181,177,123,54,166,115,50,0.94,11,0.062147,0.074074,00:00:12
182,281,196,85,269,188,81,0.96,12,0.042705,0.047059,00:00:13
183,176,123,53,167,116,50,0.95,9,0.051136,0.056604,00:00:22
184,177,123,54,175,121,53,0.99,2,0.011299,0.018519,00:00:11
185,228,159,69,216,151,65,0.95,12,0.052632,0.057971,00:00:05
186,157,109,48,147,102,45,0.94,10,0.063694,0.0625,00:00:01
187,68,47,21,63,44,19,0.94,5,0.073529,0.095238,00:00:24
188,158,110,48,151,105,46,0.96,7,0.044304,0.041667,00:00:03
189,296,207,89,290,202,87,0.98,6,0.02027,0.022472,00:00:22
190,180,125,55,171,118,52,0.95,9,0.05,0.054545,00:00:19
191,128,89,39,124,86,37,0.97,4,0.03125,0.051282,00:00:23
192,292,204,88,283,197,85,0.97,9,0.030822,0.034091,00:00:07
193,281,196,85,266,186,80,0.95,15,0.053381,0.058824,00:00:12
194,173,121,52,162,113,48,0.94,11,0.063584,0.076923,00:00:15
195,141,98,43,139,97,42,0.99,2,0.014184,0.023256,00:00:05
196,89,62,27,83,58,25,0.94,6,0.067416,0.074074,00:00:15
197,31,21,10,29,19,9,0.95,2,0.064516,0.1,00:00:08
198,283,198,85,283,198,85,1.0,0,0.0,0.0,00:00:10
199,169,118,51,152,106,45,0.9,17,0.100592,0.117647,00:00:16
200,66,46,20,60,42,18,0.92,6,0.090909,0.1,00:00:08
201,189,132,57,177,124,53,0.94,12,0.063492,0.070175,00:00:01
202,38,26,12,37,25,11,0.99,1,0.026316,0.083333,00:00:12
203,262,183,79,238,166,71,0.91,24,0.091603,0.101266,00:00:05
204,128,89,39,115,80,35,0.9,13,0.101562,0.102564,00:00:03
205,176,123,53,160,111,48,0.91,16,0.090909,0.09434,00:00:01
206,237,165,72,215,150,65,0.91,22,0.092827,0.097222,00:00:04
207,160,112,48,144,100,43,0.9,16,0.1,0.104167,00:00:08
208,181,126,55,171,119,52,0.95,10,0.055249,0.054545,00:00:03
209,83,58,25,79,55,24,0.96,4,0.048193,0.04,00:00:10
210,149,104,45,138,96,41,0.93,11,0.073826,0.088889,00:00:02
211,190,133,57,178,125,53,0.94,12,0.063158,0.070175,00:00:11
212,145,101,44,131,91,40,0.91,14,0.096552,0.090909,00:00:10
213,104,72,32,96,66,29,0.93,8,0.076923,0.09375,00:00:21
214,142,99,43,134,94,40,0.95,8,0.056338,0.069767,00:00:14
215,133,93,40,129,90,38,0.97,4,0.030075,0.05,00:00:07
216,283,198,85,254,178,76,0.9,29,0.102473,0.105882,00:00:02
217,256,179,77,243,170,73,0.95,13,0.050781,0.051948,00:00:09
218,141,98,43,131,91,39,0.93,10,0.070922,0.093023,00:00:16
219,128,89,39,126,88,38,0.99,2,0.015625,0.025641,00:00:13
220,182,127,55,176,123,53,0.97,6,0.032967,0.036364,00:00:09
221,223,156,67,214,149,64,0.96,9,0.040359,0.044776,00:00:20
222,192,134,58,178,124,53,0.93,14,0.072917,0.086207,00:00:04
223,237,165,72,234,163,71,0.99,3,0.012658,0.013889,00:00:22
224,198,138,60,178,124,54,0.9,20,0.10101,0.1,00:00:10
225,190,133,57,172,121,51,0.91,18,0.094737,0.105263,00:00:22
226,97,67,30,91,62,28,0.94,6,0.061856,0.066667,00:00:12
227,164,114,50,149,103,45,0.91,15,0.091463,0.1,00:00:17
228,224,156,68,224,156,68,1.0,0,0.0,0.0,00:00:14
229,157,109,48,153,106,47,0.98,4,0.025478,0.020833,00:00:14
230,62,43,19,57,39,17,0.93,5,0.080645,0.105263,00:00:02
231,205,143,62,196,137,59,0.96,9,0.043902,0.048387,00:00:21
232,51,35,16,51,35,16,1.0,0,0.0,0.0,00:00:20
233,267,186,81,264,184,80,0.99,3,0.011236,0.012346,00:00:11
234,187,130,57,179,124,54,0.96,8,0.042781,0.052632,00:00:16
235,67,46,21,66,45,20,0.99,1,0.014925,0.047619,00:00:19
236,259,181,78,259,181,78,1.0,0,0.0,0.0,00:00:23
237,80,56,24,77,54,23,0.97,3,0.0375,0.041667,00:00:06
238,293,205,88,266,186,80,0.91,27,0.09215,0.090909,00:00:24
239,56,39,17,52,36,15,0.94,4,0.071429,0.117647,00:00:19
240,255,178,77,249,174,75,0.98,6,0.023529,0.025974,00:00:05
241,126,88,38,115,80,34,0.92,11,0.087302,0.105263,00:00:04
242,176,123,53,172,120,51,0.98,4,0.022727,0.037736,00:00:15
243,33,23,10,30,20,9,0.91,3,0.090909,0.1,00:00:04
244,64,44,20,57,39,18,0.9,7,0.109375,0.1,00:00:20
245,221,154,67,207,144,62,0.94,14,0.063348,0.074627,00:00:10
246,78,54,24,70,48,21,0.9,8,0.102564,0.125,00:00:24
247,46,32,14,46,32,14,1.0,0,0.0,0.0,00:00:22
248,201,140,61,196,137,59,0.98,5,0.024876,0.032787,00:00:03
249,249,174,75,244,170,73,0.98,5,0.02008,0.026667,00:00:05
250,187,130,57,179,124,54,0.96,8,0.042781,0.052632,00:00:06
251,75,52,23,69,47,21,0.92,6,0.08,0.086957,00:00:21
252,35,24,11,33,22,10,0.95,2,0.057143,0.090909,00:00:22
253,128,89,39,122,85,37,0.96,6,0.046875,0.051282,00:00:08
254,262,183,79,248,173,75,0.95,14,0.053435,0.050633,00:00:07
255,66,46,20,61,42,18,0.93,5,0.075758,0.1,00:00:21
256,210,147,63,199,139,59,0.95,11,0.052381,0.063492,00:00:10
257,124,86,38,117,81,36,0.95,7,0.056452,0.052632,00:00:06
258,128,89,39,128,89,39,1.0,0,0.0,0.0,00:00:14
259,217,151,66,214,149,65,0.99,3,0.013825,0.015152,00:00:04
260,145,101,44,137,95,41,0.95,8,0.055172,0.068182,00:00:13
261,220,154,66,211,147,63,0.96,9,0.040909,0.045455,00:00:20
262,282,197,85,273,191,82,0.97,9,0.031915,0.035294,00:00:17
263,190,133,57,171,119,51,0.9,19,0.1,0.105263,00:00:23
264,285,199,86,282,197,85,0.99,3,0.010526,0.011628,00:00:07
265,157,109,48,155,107,47,0.99,2,0.012739,0.020833,00:00:04
266,47,32,15,44,30,14,0.95,3,0.06383,0.066667,00:00:14
267,252,176,76,236,165,71,0.94,16,0.063492,0.065789,00:00:03
268,83,58,25,77,53,23,0.93,6,0.072289,0.08,00:00:24
269,87,60,27,82,57,25,0.95,5,0.057471,0.074074,00:00:05
270,203,142,61,182,127,54,0.9,21,0.103448,0.114754,00:00:16
271,143,100,43,141,99,42,0.99,2,0.013986,0.023256,00:00:23
272,180,125,55,162,112,49,0.9,18,0.1,0.109091,00:00:20
273,156,109,47,145,101,43,0.93,11,0.070513,0.085106,00:00:04
274,184,128,56,182,126,55,0.99,2,0.01087,0.017857,00:00:24
275,133,93,40,129,90,38,0.97,4,0.030075,0.05,00:00:24
276,275,192,83,255,178,77,0.93,20,0.072727,0.072289,00:00:02
277,205,143,62,190,132,57,0.93,15,0.073171,0.080645,00:00:18
278,68,47,21,61,42,18,0.9,7,0.102941,0.142857,00:00:19
279,199,139,60,193,134,58,0.97,6,0.030151,0.033333,00:00:19
280,276,193,83,248,173,74,0.9,28,0.101449,0.108434,00:00:17
281,55,38,17,52,36,16,0.95,3,0.054545,0.058824,00:00:14
282,42,29,13,42,29,13,1.0,0,0.0,0.0,00:00:19
283,65,45,20,59,40,18,0.91,6,0.092308,0.1,00:00:22
284,202,141,61,199,139,60,0.99,3,0.014851,0.016393,00:00:24
285,49,34,15,49,34,15,1.0,0,0.0,0.0,00:00:13
286,293,205,88,266,186,80,0.91,27,0.09215,0.090909,00:00:12
287,171,119,52,169,117,51,0.99,2,0.011696,0.019231,00:00:06
288,172,120,52,163,114,49,0.95,9,0.052326,0.057692,00:00:21
289,121,84,37,119,83,36,0.99,2,0.016529,0.027027,00:00:04
290,244,170,74,234,163,71,0.96,10,0.040984,0.040541,00:00:19
291,80,56,24,77,54,23,0.97,3,0.0375,0.041667,00:00:16
292,182,127,55,172,120,52,0.95,10,0.054945,0.054545,00:00:13
293,215,150,65,212,148,64,0.99,3,0.013953,0.015385,00:00:04
294,92,64,28,89,62,27,0.97,3,0.032609,0.035714,00:00:23
295,219,153,66,208,145,62,0.95,11,0.050228,0.060606,00:00:17
296,154,107,47,152,105,46,0.99,2,0.012987,0.021277,00:00:23
297,179,125,54,164,115,49,0.92,15,0.083799,0.092593,00:00:01
298,87,60,27,80,55,24,0.92,7,0.08046,0.111111,00:00:18
299,209,146,63,192,134,57,0.92,17,0.08134,0.095238,00:00:20
300,199,139,60,185,129,55,0.93,14,0.070352,0.083333,00:00:17
301,83,58,25,76,53,23,0.92,7,0.084337,0.08,00:00:15
302,130,91,39,128,90,38,0.99,2,0.015385,0.025641,00:00:11
303,293,205,88,266,186,80,0.91,27,0.09215,0.090909,00:00:22
304,82,57,25,79,55,24,0.97,3,0.036585,0.04,00:00:13
305,89,62,27,81,57,24,0.92,8,0.089888,0.111111,00:00:01
306,137,95,42,135,94,41,0.99,2,0.014599,0.02381,00:00:17
307,34,23,11,34,23,11,1.0,0,0.0,0.0,00:00:06
308,132,92,40,125,87,38,0.95,7,0.05303,0.05,00:00:04
309,225,157,68,222,155,67,0.99,3,0.013333,0.014706,00:00:20
310,291,203,88,261,182,79,0.9,30,0.103093,0.102273,00:00:16
311,76,53,23,74,51,22,0.98,2,0.026316,0.043478,00:00:15
312,173,121,52,159,111,47,0.92,14,0.080925,0.096154,00:00:15
313,298,208,90,295,205,89,0.99,3,0.010067,0.011111,00:00:06
314,153,107,46,137,96,41,0.9,16,0.104575,0.108696,00:00:15
315,135,94,41,129,90,39,0.96,6,0.044444,0.04878,00:00:14
316,187,130,57,183,127,55,0.98,4,0.02139,0.035088,00:00:11
317,176,123,53,163,114,49,0.93,13,0.073864,0.075472,00:00:07
318,174,121,53,160,111,48,0.92,14,0.08046,0.09434,00:00:09
319,149,104,45,135,94,40,0.91,14,0.09396,0.111111,00:00:16
320,121,84,37,112,78,34,0.93,9,0.07438,0.081081,00:00:05
321,87,60,27,83,57,25,0.96,4,0.045977,0.074074,00:00:20
322,258,180,78,234,163,70,0.91,24,0.093023,0.102564,00:00:10
323,146,102,44,137,95,41,0.94,9,0.061644,0.068182,00:00:18
324,156,109,47,140,98,42,0.9,16,0.102564,0.106383,00:00:03
325,158,110,48,154,107,47,0.98,4,0.025316,0.020833,00:00:13
326,87,60,27,79,54,24,0.91,8,0.091954,0.111111,00:00:11
327,151,105,46,140,97,42,0.93,11,0.072848,0.086957,00:00:17
328,30,21,9,27,18,8,0.9,3,0.1,0.111111,00:00:22
329,268,187,81,251,175,76,0.94,17,0.063433,0.061728,00:00:13
330,125,87,38,122,85,37,0.98,3,0.024,0.026316,00:00:06
331,155,108,47,145,101,44,0.94,10,0.064516,0.06383,00:00:17
332,147,102,45,135,93,41,0.92,12,0.081633,0.088889,00:00:13
333,77,53,24,75,51,23,0.98,2,0.025974,0.041667,00:00:19
334,118,82,36,115,80,35,0.98,3,0.025424,0.027778,00:00:21
335,266,186,80,244,171,73,0.92,22,0.082707,0.0875,00:00:19
336,218,152,66,213,148,64,0.98,5,0.022936,0.030303,00:00:10
337,221,154,67,218,152,66,0.99,3,0.013575,0.014925,00:00:03
338,98,68,30,90,62,27,0.92,8,0.081633,0.1,00:00:14
339,276,193,83,270,189,81,0.98,6,0.021739,0.024096,00:00:19
340,105,73,32,101,70,31,0.97,4,0.038095,0.03125,00:00:05
341,183,128,55,173,121,52,0.95,10,0.054645,0.054545,00:00:05
342,173,121,52,157,110,47,0.91,16,0.092486,0.096154,00:00:20
343,115,80,35,104,72,31,0.91,11,0.095652,0.114286,00:00:17
344,214,149,65,211,147,64,0.99,3,0.014019,0.015385,00:00:21
345,249,174,75,249,174,75,1.0,0,0.0,0.0,00:00:10
346,98,68,30,95,65,29,0.97,3,0.030612,0.033333,00:00:05
347,76,53,23,71,49,21,0.94,5,0.065789,0.086957,00:00:04
348,123,86,37,118,82,35,0.96,5,0.04065,0.054054,00:00:06
349,267,186,81,256,178,77,0.96,11,0.041199,0.049383,00:00:04
350,233,163,70,219,153,65,0.94,14,0.060086,0.071429,00:00:07
351,247,172,75,224,156,68,0.91,23,0.093117,0.093333,00:00:07
352,68,47,21,66,46,20,0.98,2,0.029412,0.047619,00:00:18
353,129,90,39,121,84,36,0.94,8,0.062016,0.076923,00:00:03
354,283,198,85,277,194,83,0.98,6,0.021201,0.023529,00:00:01
355,251,175,76,233,162,70,0.93,18,0.071713,0.078947,00:00:24
356,52,36,16,46,32,14,0.9,6,0.115385,0.125,00:00:04
357,279,195,84,256,179,77,0.92,23,0.082437,0.083333,00:00:06
358,39,27,12,37,25,11,0.95,2,0.051282,0.083333,00:00:09
359,275,192,83,272,190,82,0.99,3,0.010909,0.012048,00:00:22
360,129,90,39,117,81,35,0.91,12,0.093023,0.102564,00:00:14
361,209,146,63,206,144,62,0.99,3,0.014354,0.015873,00:00:12
362,252,176,76,239,167,72,0.95,13,0.051587,0.052632,00:00:20
363,279,195,84,273,191,82,0.98,6,0.021505,0.02381,00:00:24
364,176,123,53,163,114,49,0.93,13,0.073864,0.075472,00:00:04
365,125,87,38,122,85,37,0.98,3,0.024,0.026316,00:00:21
366,286,200,86,280,196,84,0.98,6,0.020979,0.023256,00:00:24
367,33,23,10,30,21,9,0.92,3,0.090909,0.1,00:00:12
368,45,31,14,40,28,12,0.91,5,0.111111,0.142857,00:00:10
369,276,193,83,273,191,82,0.99,3,0.01087,0.012048,00:00:22
370,287,200,87,287,200,87,1.0,0,0.0,0.0,00:00:07
371,189,132,57,170,118,51,0.9,19,0.100529,0.105263,00:00:03
372,181,126,55,175,122,53,0.97,6,0.033149,0.036364,00:00:23
373,207,144,63,204,142,62,0.99,3,0.014493,0.015873,00:00:14
374,192,134,58,190,132,57,0.99,2,0.010417,0.017241,00:00:24
375,62,43,19,62,43,19,1.0,0,0.0,0.0,00:00:10
376,208,145,63,203,142,61,0.98,5,0.024038,0.031746,00:00:16
377,130,91,39,122,85,36,0.94,8,0.061538,0.076923,00:00:16
378,297,207,90,276,192,83,0.93,21,0.070707,0.077778,00:00:22
379,94,65,29,87,60,26,0.93,7,0.074468,0.103448,00:00:10
380,197,137,60,191,132,58,0.97,6,0.030457,0.033333,00:00:13
381,72,50,22,69,48,21,0.97,3,0.041667,0.045455,00:00:06
382,73,51,22,67,46,20,0.92,6,0.082192,0.090909,00:00:12
383,41,28,13,40,27,12,0.99,1,0.02439,0.076923,00:00:09
384,124,86,38,120,83,36,0.97,4,0.032258,0.052632,00:00:13
385,282,197,85,270,189,81,0.96,12,0.042553,0.047059,00:00:04
386,271,189,82,257,179,77,0.95,14,0.051661,0.060976,00:00:24
387,64,44,20,60,41,19,0.95,4,0.0625,0.05,00:00:11
388,244,170,74,224,156,68,0.92,20,0.081967,0.081081,00:00:20
389,119,83,36,109,76,33,0.92,10,0.084034,0.083333,00:00:18
390,293,205,88,266,186,80,0.91,27,0.09215,0.090909,00:00:11
391,122,85,37,112,78,34,0.92,10,0.081967,0.081081,00:00:21
392,119,83,36,113,78,34,0.95,6,0.05042,0.055556,00:00:04
393,144,100,44,136,95,41,0.95,8,0.055556,0.068182,00:00:18
394,134,93,41,120,83,36,0.9,14,0.104478,0.121951,00:00:01
395,225,157,68,220,153,66,0.98,5,0.022222,0.029412,00:00:07
396,143,100,43,132,93,39,0.93,11,0.076923,0.093023,00:00:06
397,104,72,32,102,71,31,0.99,2,0.019231,0.03125,00:00:15
398,246,172,74,246,172,74,1.0,0,0.0,0.0,00:00:18
399,278,194,84,255,178,77,0.92,23,0.082734,0.083333,00:00:24
400,193,135,58,183,128,55,0.95,10,0.051813,0.051724,00:00:11
401,221,154,67,198,138,60,0.9,23,0.104072,0.104478,00:00:20
402,256,179,77,245,171,73,0.96,11,0.042969,0.051948,00:00:24
403,206,144,62,197,138,59,0.96,9,0.043689,0.048387,00:00:15
404,128,89,39,117,81,35,0.92,11,0.085938,0.102564,00:00:16
405,65,45,20,62,43,19,0.96,3,0.046154,0.05,00:00:07
406,125,87,38,115,80,34,0.92,10,0.08,0.105263,00:00:21
407,181,126,55,166,115,50,0.92,15,0.082873,0.090909,00:00:10
408,180,125,55,174,121,53,0.97,6,0.033333,0.036364,00:00:12
409,219,153,66,203,142,61,0.93,16,0.073059,0.075758,00:00:24
410,253,177,76,242,169,72,0.96,11,0.043478,0.052632,00:00:14
411,66,46,20,62,43,18,0.94,4,0.060606,0.1,00:00:05
412,297,207,90,297,207,90,1.0,0,0.0,0.0,00:00:21
413,212,148,64,192,134,58,0.91,20,0.09434,0.09375,00:00:18
414,42,29,13,39,27,12,0.95,3,0.071429,0.076923,00:00:05
415,246,172,74,238,166,71,0.97,8,0.03252,0.040541,00:00:03
416,91,63,28,85,59,26,0.94,6,0.065934,0.071429,00:00:23
417,113,79,34,113,79,34,1.0,0,0.0,0.0,00:00:05
418,246,172,74,238,166,71,0.97,8,0.03252,0.040541,00:00:24
419,216,151,65,209,146,63,0.97,7,0.032407,0.030769,00:00:17
420,48,33,15,47,32,14,0.98,1,0.020833,0.066667,00:00:19
421,206,144,62,206,144,62,1.0,0,0.0,0.0,00:00:19
422,129,90,39,127,89,38,0.99,2,0.015504,0.025641,00:00:21
423,262,183,79,254,177,76,0.97,8,0.030534,0.037975,00:00:12
424,105,73,32,101,70,31,0.97,4,0.038095,0.03125,00:00:09
425,294,205,89,267,186,80,0.91,27,0.091837,0.101124,00:00:01
426,235,164,71,213,149,64,0.91,22,0.093617,0.098592,00:00:18
427,252,176,76,241,168,72,0.96,11,0.043651,0.052632,00:00:21
428,81,56,25,72,50,22,0.9,9,0.111111,0.12,00:00:04
429,173,121,52,164,114,49,0.95,9,0.052023,0.057692,00:00:10
430,98,68,30,90,62,27,0.92,8,0.081633,0.1,00:00:07
431,128,89,39,119,82,36,0.93,9,0.070312,0.076923,00:00:22
432,54,37,17,52,36,16,0.98,2,0.037037,0.058824,00:00:23
433,82,57,25,81,56,24,0.99,1,0.012195,0.04,00:00:01
434,180,125,55,163,113,50,0.91,17,0.094444,0.090909,00:00:17
435,173,121,52,164,114,49,0.95,9,0.052023,0.057692,00:00:24
436,86,60,26,85,59,25,0.99,1,0.011628,0.038462,00:00:02
437,68,47,21,61,42,19,0.91,7,0.102941,0.095238,00:00:11
438,138,96,42,135,94,41,0.98,3,0.021739,0.02381,00:00:09
439,210,147,63,197,138,59,0.94,13,0.061905,0.063492,00:00:07
440,71,49,22,66,45,20,0.93,5,0.070423,0.090909,00:00:22
441,215,150,65,215,150,65,1.0,0,0.0,0.0,00:00:17
442,252,176,76,231,161,69,0.92,21,0.083333,0.092105,00:00:17
443,151,105,46,146,101,44,0.97,5,0.033113,0.043478,00:00:02
444,162,113,49,158,110,48,0.98,4,0.024691,0.020408,00:00:06
445,192,134,58,172,120,52,0.9,20,0.104167,0.103448,00:00:14
446,244,170,74,236,164,71,0.97,8,0.032787,0.040541,00:00:06
447,250,175,75,250,175,75,1.0,0,0.0,0.0,00:00:02
448,264,184,80,240,167,72,0.91,24,0.090909,0.1,00:00:01
449,175,122,53,173,120,52,0.99,2,0.011429,0.018868,00:00:10
450,268,187,81,257,179,77,0.96,11,0.041045,0.049383,00:00:21
451,105,73,32,100,70,30,0.96,5,0.047619,0.0625,00:00:05
452,38,26,12,36,24,11,0.96,2,0.052632,0.083333,00:00:02
453,103,72,31,95,66,28,0.93,8,0.07767,0.096774,00:00:22
454,282,197,85,279,195,84,0.99,3,0.010638,0.011765,00:00:16
455,259,181,78,256,179,77,0.99,3,0.011583,0.012821,00:00:02
456,36,25,11,34,24,10,0.96,2,0.055556,0.090909,00:00:10
457,203,142,61,198,139,59,0.98,5,0.024631,0.032787,00:00:02
458,170,118,52,163,113,49,0.96,7,0.041176,0.057692,00:00:16
459,197,137,60,187,130,57,0.95,10,0.050761,0.05,00:00:16
460,199,139,60,193,134,58,0.97,6,0.030151,0.033333,00:00:19
461,151,105,46,144,100,44,0.96,7,0.046358,0.043478,00:00:07
462,223,156,67,214,149,64,0.96,9,0.040359,0.044776,00:00:22
463,34,23,11,33,22,10,0.98,1,0.029412,0.090909,00:00:12
464,58,40,18,55,38,17,0.95,3,0.051724,0.055556,00:00:24
465,194,135,59,174,121,53,0.9,20,0.103093,0.101695,00:00:15
466,165,115,50,151,105,46,0.92,14,0.084848,0.08,00:00:08
467,174,121,53,163,113,49,0.94,11,0.063218,0.075472,00:00:06
468,246,172,74,238,166,71,0.97,8,0.03252,0.040541,00:00:10
469,161,112,49,154,107,47,0.96,7,0.043478,0.040816,00:00:03
470,99,69,30,96,66,29,0.97,3,0.030303,0.033333,00:00:19
471,281,196,85,266,186,80,0.95,15,0.053381,0.058824,00:00:17
472,211,147,64,202,141,61,0.96,9,0.042654,0.046875,00:00:07
473,196,137,59,182,127,54,0.93,14,0.071429,0.084746,00:00:21
474,120,84,36,114,79,34,0.95,6,0.05,0.055556,00:00:20
475,231,161,70,224,156,67,0.97,7,0.030303,0.042857,00:00:04
476,48,33,15,47,32,14,0.99,1,0.020833,0.066667,00:00:14
477,68,47,21,63,44,19,0.94,5,0.073529,0.095238,00:00:20
478,155,108,47,139,97,42,0.9,16,0.103226,0.106383,00:00:22
479,202,141,61,185,129,56,0.92,17,0.084158,0.081967,00:00:15
480,170,118,52,153,106,46,0.9,17,0.1,0.115385,00:00:24
481,271,189,82,262,183,79,0.97,9,0.03321,0.036585,00:00:08
482,249,174,75,231,161,69,0.93,18,0.072289,0.08,00:00:21
483,155,108,47,147,102,44,0.95,8,0.051613,0.06383,00:00:15
484,87,60,27,82,57,25,0.95,5,0.057471,0.074074,00:00:22
485,177,123,54,161,111,49,0.91,16,0.090395,0.092593,00:00:20
486,30,21,9,28,19,8,0.94,2,0.066667,0.111111,00:00:14
487,219,153,66,201,140,60,0.92,18,0.082192,0.090909,00:00:09
488,220,154,66,206,144,62,0.94,14,0.063636,0.060606,00:00:08
489,146,102,44,134,93,40,0.92,12,0.082192,0.090909,00:00:17
490,163,114,49,159,111,48,0.98,4,0.02454,0.020408,00:00:02
491,87,60,27,80,55,24,0.92,7,0.08046,0.111111,00:00:24
492,73,51,22,73,51,22,1.0,0,0.0,0.0,00:00:03
493,202,141,61,189,132,57,0.94,13,0.064356,0.065574,00:00:08
494,189,132,57,185,129,55,0.98,4,0.021164,0.035088,00:00:12
495,202,141,61,193,135,58,0.96,9,0.044554,0.04918,00:00:01
496,178,124,54,172,120,52,0.97,6,0.033708,0.037037,00:00:10
497,109,76,33,106,74,32,0.98,3,0.027523,0.030303,00:00:20
498,242,169,73,229,160,69,0.95,13,0.053719,0.054795,00:00:03
499,232,162,70,220,153,66,0.95,12,0.051724,0.057143,00:00:06
500,281,196,85,266,186,80,0.95,15,0.053381,0.058824,00:00:07
501,258,180,78,247,172,74,0.96,11,0.042636,0.051282,00:00:20
502,193,135,58,173,121,52,0.9,20,0.103627,0.103448,00:00:23
503,256,179,77,240,168,72,0.94,16,0.0625,0.064935,00:00:18
504,176,123,53,168,118,50,0.96,8,0.045455,0.056604,00:00:11
505,49,34,15,47,32,14,0.96,2,0.040816,0.066667,00:00:19
506,76,53,23,74,51,22,0.98,2,0.026316,0.043478,00:00:05
507,262,183,79,254,177,76,0.97,8,0.030534,0.037975,00:00:19
508,43,30,13,43,30,13,1.0,0,0.0,0.0,00:00:11
509,172,120,52,159,111,48,0.93,13,0.075581,0.076923,00:00:24
510,30,21,9,28,19,8,0.94,2,0.066667,0.111111,00:00:12
511,83,58,25,78,54,23,0.94,5,0.060241,0.08,00:00:10
512,288,201,87,273,190,82,0.95,15,0.052083,0.057471,00:00:08
513,173,121,52,169,118,50,0.98,4,0.023121,0.038462,00:00:24
514,41,28,13,37,25,11,0.92,4,0.097561,0.153846,00:00:09
515,253,177,76,247,173,74,0.98,6,0.023715,0.026316,00:00:04
516,185,129,56,173,121,52,0.94,12,0.064865,0.071429,00:00:05
517,37,25,12,35,24,11,0.96,2,0.054054,0.083333,00:00:21
518,151,105,46,144,100,44,0.96,7,0.046358,0.043478,00:00:08
519,193,135,58,181,126,54,0.94,12,0.062176,0.068966,00:00:23
520,119,83,36,113,78,34,0.95,6,0.05042,0.055556,00:00:09
521,165,115,50,155,108,47,0.94,10,0.060606,0.06,00:00:15
522,215,150,65,195,136,59,0.91,20,0.093023,0.092308,00:00:15
523,207,144,63,194,135,59,0.94,13,0.062802,0.063492,00:00:16
524,57,39,18,51,35,16,0.91,6,0.105263,0.111111,00:00:14
525,249,174,75,234,163,70,0.94,15,0.060241,0.066667,00:00:08
526,70,49,21,67,47,20,0.96,3,0.042857,0.047619,00:00:18
527,257,179,78,246,171,74,0.96,11,0.042802,0.051282,00:00:10
528,221,154,67,214,149,64,0.97,7,0.031674,0.044776,00:00:20
529,174,121,53,158,110,48,0.91,16,0.091954,0.09434,00:00:06
530,230,161,69,223,156,66,0.97,7,0.030435,0.043478,00:00:12
531,241,168,73,224,156,67,0.93,17,0.070539,0.082192,00:00:02
532,249,174,75,234,163,70,0.94,15,0.060241,0.066667,00:00:07
533,269,188,81,266,186,80,0.99,3,0.011152,0.012346,00:00:16
534,75,52,23,67,46,20,0.9,8,0.106667,0.130435,00:00:03
535,64,44,20,61,42,19,0.96,3,0.046875,0.05,00:00:13
536,282,197,85,270,189,81,0.96,12,0.042553,0.047059,00:00:03
537,111,77,34,104,72,31,0.94,7,0.063063,0.088235,00:00:18
538,285,199,86,262,183,79,0.92,23,0.080702,0.081395,00:00:11
539,226,158,68,207,145,62,0.92,19,0.084071,0.088235,00:00:08
540,39,27,12,38,26,11,0.99,1,0.025641,0.083333,00:00:06
541,271,189,82,254,177,77,0.94,17,0.062731,0.060976,00:00:01
542,280,196,84,260,182,78,0.93,20,0.071429,0.071429,00:00:01
543,34,23,11,31,21,10,0.94,3,0.088235,0.090909,00:00:23
544,148,103,45,143,99,43,0.97,5,0.033784,0.044444,00:00:08
545,94,65,29,85,59,26,0.91,9,0.095745,0.103448,00:00:05
546,175,122,53,164,114,49,0.94,11,0.062857,0.075472,00:00:16
547,253,177,76,242,169,72,0.96,11,0.043478,0.052632,00:00:11
548,268,187,81,265,185,80,0.99,3,0.011194,0.012346,00:00:05
549,206,144,62,191,133,57,0.93,15,0.072816,0.080645,00:00:04
550,296,207,89,278,194,83,0.94,18,0.060811,0.067416,00:00:06
551,92,64,28,86,60,26,0.94,6,0.065217,0.071429,00:00:14
552,246,172,74,236,165,71,0.96,10,0.04065,0.040541,00:00:22
553,206,144,62,193,135,58,0.94,13,0.063107,0.064516,00:00:19
554,127,88,39,120,83,37,0.95,7,0.055118,0.051282,00:00:09
555,134,93,41,131,91,40,0.98,3,0.022388,0.02439,00:00:12
556,128,89,39,124,86,37,0.97,4,0.03125,0.051282,00:00:11
557,35,24,11,32,22,10,0.94,3,0.085714,0.090909,00:00:14
558,226,158,68,223,156,67,0.99,3,0.013274,0.014706,00:00:23
559,162,113,49,155,108,47,0.96,7,0.04321,0.040816,00:00:16
560,288,201,87,273,190,82,0.95,15,0.052083,0.057471,00:00:01
561,52,36,16,46,32,14,0.9,6,0.115385,0.125,00:00:13
562,82,57,25,82,57,25,1.0,0,0.0,0.0,00:00:23
563,194,135,59,176,122,53,0.91,18,0.092784,0.101695,00:00:21
564,231,161,70,212,148,64,0.92,19,0.082251,0.085714,00:00:21
565,112,78,34,101,70,30,0.91,11,0.098214,0.117647,00:00:13
566,174,121,53,167,116,50,0.96,7,0.04023,0.056604,00:00:02
567,114,79,35,104,72,32,0.92,10,0.087719,0.085714,00:00:04
568,107,74,33,98,68,30,0.92,9,0.084112,0.090909,00:00:06
569,30,21,9,27,19,8,0.91,3,0.1,0.111111,00:00:23
570,80,56,24,72,50,21,0.91,8,0.1,0.125,00:00:05
571,202,141,61,193,135,58,0.96,9,0.044554,0.04918,00:00:03
572,234,163,71,226,158,68,0.97,8,0.034188,0.042254,00:00:01
573,289,202,87,271,189,81,0.94,18,0.062284,0.068966,00:00:04
574,63,44,19,59,41,18,0.95,4,0.063492,0.052632,00:00:20
575,124,86,38,120,83,36,0.97,4,0.032258,0.052632,00:00:02
576,101,70,31,90,63,27,0.9,11,0.108911,0.129032,00:00:05
577,68,47,21,63,43,19,0.93,5,0.073529,0.095238,00:00:03
578,183,128,55,183,128,55,1.0,0,0.0,0.0,00:00:09
579,279,195,84,267,187,80,0.96,12,0.043011,0.047619,00:00:20
580,191,133,58,177,123,53,0.93,14,0.073298,0.086207,00:00:06
581,147,102,45,139,96,42,0.95,8,0.054422,0.066667,00:00:18
582,288,201,87,267,186,80,0.93,21,0.072917,0.08046,00:00:06
583,297,207,90,282,196,85,0.95,15,0.050505,0.055556,00:00:19
584,83,58,25,75,52,22,0.91,8,0.096386,0.12,00:00:12
585,265,185,80,241,168,72,0.91,24,0.090566,0.1,00:00:11
586,251,175,76,228,159,69,0.91,23,0.091633,0.092105,00:00:02
587,280,196,84,277,194,83,0.99,3,0.010714,0.011905,00:00:15
588,141,98,43,136,95,41,0.97,5,0.035461,0.046512,00:00:12
589,284,198,86,261,182,79,0.92,23,0.080986,0.081395,00:00:12
590,236,165,71,217,151,65,0.92,19,0.080508,0.084507,00:00:09
591,258,180,78,250,174,75,0.97,8,0.031008,0.038462,00:00:21
592,95,66,29,87,60,26,0.92,8,0.084211,0.103448,00:00:24
593,104,72,32,95,66,29,0.92,9,0.086538,0.09375,00:00:02
594,132,92,40,132,92,40,1.0,0,0.0,0.0,00:00:22
595,221,154,67,205,143,62,0.93,16,0.072398,0.074627,00:00:03
596,281,196,85,272,190,82,0.97,9,0.032028,0.035294,00:00:12
597,255,178,77,255,178,77,1.0,0,0.0,0.0,00:00:16
598,127,88,39,119,82,36,0.94,8,0.062992,0.076923,00:00:21
599,278,194,84,250,174,75,0.9,28,0.100719,0.107143,00:00:24
600,195,136,59,179,125,54,0.92,16,0.082051,0.084746,00:00:01
601,59,41,18,57,40,17,0.98,2,0.033898,0.055556,00:00:21
602,276,193,83,273,191,82,0.99,3,0.01087,0.012048,00:00:03
603,135,94,41,132,92,40,0.98,3,0.022222,0.02439,00:00:20
604,80,56,24,72,50,21,0.91,8,0.1,0.125,00:00:02
605,110,77,33,107,75,32,0.98,3,0.027273,0.030303,00:00:09
606,162,113,49,160,111,48,0.99,2,0.012346,0.020408,00:00:19
607,167,116,51,160,111,48,0.96,7,0.041916,0.058824,00:00:15
608,213,149,64,210,147,63,0.99,3,0.014085,0.015625,00:00:18
609,98,68,30,96,66,29,0.98,2,0.020408,0.033333,00:00:11
610,63,44,19,61,42,18,0.97,2,0.031746,0.052632,00:00:23
611,291,203,88,279,194,84,0.96,12,0.041237,0.045455,00:00:16
612,82,57,25,76,53,23,0.93,6,0.073171,0.08,00:00:22
613,234,163,71,215,149,65,0.92,19,0.081197,0.084507,00:00:17
614,155,108,47,148,103,45,0.96,7,0.045161,0.042553,00:00:05
615,264,184,80,245,171,74,0.93,19,0.07197,0.075,00:00:12
616,72,50,22,71,49,21,0.99,1,0.013889,0.045455,00:00:11
617,269,188,81,269,188,81,1.0,0,0.0,0.0,00:00:15
618,140,98,42,137,96,41,0.98,3,0.021429,0.02381,00:00:03
619,278,194,84,252,176,76,0.91,26,0.093525,0.095238,00:00:01
620,180,125,55,167,116,51,0.93,13,0.072222,0.072727,00:00:20
621,212,148,64,192,134,58,0.91,20,0.09434,0.09375,00:00:16
622,124,86,38,120,83,36,0.97,4,0.032258,0.052632,00:00:02
623,37,25,12,36,24,11,0.98,1,0.027027,0.083333,00:00:02
624,213,149,64,210,147,63,0.99,3,0.014085,0.015625,00:00:03
625,224,156,68,210,146,63,0.94,14,0.0625,0.073529,00:00:08
626,224,156,68,221,154,67,0.99,3,0.013393,0.014706,00:00:24
627,184,128,56,182,126,55,0.99,2,0.01087,0.017857,00:00:15
628,122,85,37,113,79,34,0.93,9,0.07377,0.081081,00:00:07
629,189,132,57,187,130,56,0.99,2,0.010582,0.017544,00:00:06
630,90,62,28,84,58,26,0.94,6,0.066667,0.071429,00:00:09
631,151,105,46,140,97,42,0.93,11,0.072848,0.086957,00:00:20
632,80,56,24,76,53,23,0.96,4,0.05,0.041667,00:00:01
633,34,23,11,31,21,10,0.93,3,0.088235,0.090909,00:00:08
634,121,84,37,116,80,35,0.96,5,0.041322,0.054054,00:00:23
635,199,139,60,191,133,57,0.96,8,0.040201,0.05,00:00:23
636,51,35,16,48,33,15,0.96,3,0.058824,0.0625,00:00:03
637,30,21,9,28,19,8,0.94,2,0.066667,0.111111,00:00:04
638,162,113,49,153,107,46,0.95,9,0.055556,0.061224,00:00:15
639,262,183,79,251,175,75,0.96,11,0.041985,0.050633,00:00:06
640,41,28,13,38,26,12,0.95,3,0.073171,0.076923,00:00:15
641,75,52,23,70,48,21,0.94,5,0.066667,0.086957,00:00:21
642,63,44,19,56,39,17,0.9,7,0.111111,0.105263,00:00:03
643,107,74,33,102,71,31,0.96,5,0.046729,0.060606,00:00:21
644,247,172,75,227,158,69,0.92,20,0.080972,0.08,00:00:21
645,102,71,31,97,68,29,0.96,5,0.04902,0.064516,00:00:14
646,278,194,84,272,190,82,0.98,6,0.021583,0.02381,00:00:20
647,76,53,23,72,50,21,0.95,4,0.052632,0.086957,00:00:14
648,150,105,45,142,99,42,0.95,8,0.053333,0.066667,00:00:04
649,243,170,73,243,170,73,1.0,0,0.0,0.0,00:00:12
650,268,187,81,262,183,79,0.98,6,0.022388,0.024691,00:00:17
651,85,59,26,84,58,25,0.99,1,0.011765,0.038462,00:00:07
652,136,95,41,133,93,40,0.98,3,0.022059,0.02439,00:00:09
653,77,53,24,70,48,21,0.91,7,0.090909,0.125,00:00:03
654,90,62,28,81,56,25,0.91,9,0.1,0.107143,00:00:13
655,55,38,17,52,36,16,0.95,3,0.054545,0.058824,00:00:15
656,286,200,86,263,184,79,0.92,23,0.08042,0.081395,00:00:18
657,37,25,12,35,23,11,0.95,2,0.054054,0.083333,00:00:19
658,142,99,43,133,93,40,0.94,9,0.06338,0.069767,00:00:01
659,282,197,85,267,187,80,0.95,15,0.053191,0.058824,00:00:06
660,209,146,63,202,141,61,0.97,7,0.033493,0.031746,00:00:23
661,236,165,71,228,160,68,0.97,8,0.033898,0.042254,00:00:02
662,156,109,47,148,103,44,0.95,8,0.051282,0.06383,00:00:24
663,85,59,26,83,57,25,0.98,2,0.023529,0.038462,00:00:14
664,243,170,73,228,159,68,0.94,15,0.061728,0.068493,00:00:06
665,43,30,13,42,29,12,0.99,1,0.023256,0.076923,00:00:14
666,57,39,18,51,35,16,0.91,6,0.105263,0.111111,00:00:04
667,107,74,33,107,74,33,1.0,0,0.0,0.0,00:00:21
668,245,171,74,237,165,71,0.97,8,0.032653,0.040541,00:00:08
669,183,128,55,172,120,51,0.94,11,0.060109,0.072727,00:00:03
670,43,30,13,39,27,11,0.92,4,0.093023,0.153846,00:00:19
671,216,151,65,205,143,61,0.95,11,0.050926,0.061538,00:00:14
672,36,25,11,33,23,10,0.92,3,0.083333,0.090909,00:00:20
673,32,22,10,29,20,9,0.92,3,0.09375,0.1,00:00:17
674,140,98,42,134,94,40,0.96,6,0.042857,0.047619,00:00:08
675,267,186,81,253,176,76,0.95,14,0.052434,0.061728,00:00:24
676,268,187,81,259,181,78,0.97,9,0.033582,0.037037,00:00:14
677,256,179,77,253,177,76,0.99,3,0.011719,0.012987,00:00:06
678,44,30,14,41,28,13,0.95,3,0.068182,0.071429,00:00:23
679,221,154,67,212,147,64,0.96,9,0.040724,0.044776,00:00:22
680,148,103,45,134,93,40,0.91,14,0.094595,0.111111,00:00:16
681,57,39,18,55,37,17,0.97,2,0.035088,0.055556,00:00:19
682,231,161,70,217,151,65,0.94,14,0.060606,0.071429,00:00:14
683,68,47,21,68,47,21,1.0,0,0.0,0.0,00:00:19
684,260,182,78,254,178,76,0.98,6,0.023077,0.025641,00:00:03
685,115,80,35,109,76,33,0.95,6,0.052174,0.057143,00:00:10
686,155,108,47,141,98,42,0.91,14,0.090323,0.106383,00:00:19
687,54,37,17,53,36,16,0.99,1,0.018519,0.058824,00:00:09
688,174,121,53,170,118,51,0.98,4,0.022989,0.037736,00:00:20
689,42,29,13,38,26,11,0.92,4,0.095238,0.153846,00:00:13
690,241,168,73,224,156,67,0.93,17,0.070539,0.082192,00:00:07
691,54,37,17,52,36,16,0.98,2,0.037037,0.058824,00:00:14
692,97,67,30,89,61,27,0.92,8,0.082474,0.1,00:00:09
693,96,67,29,95,66,28,0.99,1,0.010417,0.034483,00:00:23
694,262,183,79,246,172,74,0.94,16,0.061069,0.063291,00:00:19
695,138,96,42,125,87,38,0.91,13,0.094203,0.095238,00:00:15
696,175,122,53,171,119,51,0.98,4,0.022857,0.037736,00:00:20
697,140,98,42,131,92,39,0.94,9,0.064286,0.071429,00:00:14
698,257,179,78,244,170,74,0.95,13,0.050584,0.051282,00:00:24
699,140,98,42,127,89,38,0.91,13,0.092857,0.095238,00:00:06
700,63,44,19,56,39,17,0.9,7,0.111111,0.105263,00:00:21
701,140,98,42,134,94,40,0.96,6,0.042857,0.047619,00:00:04
702,293,205,88,278,194,83,0.95,15,0.051195,0.056818,00:00:08
703,265,185,80,254,177,76,0.96,11,0.041509,0.05,00:00:17
704,112,78,34,109,76,33,0.98,3,0.026786,0.029412,00:00:09
705,71,49,22,68,47,21,0.96,3,0.042254,0.045455,00:00:01
706,130,91,39,119,83,35,0.92,11,0.084615,0.102564,00:00:24
707,35,24,11,32,22,10,0.94,3,0.085714,0.090909,00:00:20
708,209,146,63,206,144,62,0.99,3,0.014354,0.015873,00:00:14
709,255,178,77,249,174,75,0.98,6,0.023529,0.025974,00:00:11
710,258,180,78,247,172,74,0.96,11,0.042636,0.051282,00:00:21
711,179,125,54,166,116,50,0.93,13,0.072626,0.074074,00:00:03
712,227,158,69,211,146,64,0.93,16,0.070485,0.072464,00:00:09
713,99,69,30,96,66,29,0.97,3,0.030303,0.033333,00:00:14
714,141,98,43,139,97,42,0.99,2,0.014184,0.023256,00:00:09
715,33,23,10,32,22,9,0.97,1,0.030303,0.1,00:00:04
716,124,86,38,121,84,37,0.98,3,0.024194,0.026316,00:00:04
717,181,126,55,177,123,53,0.98,4,0.022099,0.036364,00:00:08
718,166,116,50,151,105,45,0.91,15,0.090361,0.1,00:00:02
719,276,193,83,259,181,78,0.94,17,0.061594,0.060241,00:00:09
720,272,190,82,250,174,75,0.92,22,0.080882,0.085366,00:00:14
721,60,42,18,55,38,16,0.92,5,0.083333,0.111111,00:00:22
722,69,48,21,68,47,20,0.99,1,0.014493,0.047619,00:00:09
723,258,180,78,245,171,74,0.95,13,0.050388,0.051282,00:00:24
724,65,45,20,61,42,19,0.95,4,0.061538,0.05,00:00:23
725,252,176,76,231,161,69,0.92,21,0.083333,0.092105,00:00:16
726,35,24,11,32,22,10,0.93,3,0.085714,0.090909,00:00:17
727,249,174,75,229,160,69,0.92,20,0.080321,0.08,00:00:16
728,104,72,32,95,66,29,0.92,9,0.086538,0.09375,00:00:12
729,33,23,10,31,22,9,0.96,2,0.060606,0.1,00:00:03
730,163,114,49,151,106,45,0.93,12,0.07362,0.081633,00:00:11
731,147,102,45,141,97,43,0.96,6,0.040816,0.044444,00:00:14
732,123,86,37,111,78,33,0.91,12,0.097561,0.108108,00:00:18
733,91,63,28,82,57,25,0.91,9,0.098901,0.107143,00:00:21
734,223,156,67,207,145,62,0.93,16,0.071749,0.074627,00:00:21
735,232,162,70,222,155,67,0.96,10,0.043103,0.042857,00:00:05
736,55,38,17,53,36,16,0.97,2,0.036364,0.058824,00:00:16
737,202,141,61,189,132,57,0.94,13,0.064356,0.065574,00:00:20
738,162,113,49,152,106,46,0.94,10,0.061728,0.061224,00:00:05
739,147,102,45,142,98,43,0.97,5,0.034014,0.044444,00:00:03
740,241,168,73,216,151,65,0.9,25,0.103734,0.109589,00:00:12
741,254,177,77,236,164,71,0.93,18,0.070866,0.077922,00:00:01
742,49,34,15,48,33,14,0.98,1,0.020408,0.066667,00:00:21
743,142,99,43,136,95,41,0.96,6,0.042254,0.046512,00:00:09
744,169,118,51,157,109,47,0.93,12,0.071006,0.078431,00:00:09
745,76,53,23,75,52,22,0.99,1,0.013158,0.043478,00:00:04
746,30,21,9,29,20,8,0.98,1,0.033333,0.111111,00:00:03
747,119,83,36,110,77,33,0.93,9,0.07563,0.083333,00:00:17
748,171,119,52,164,114,49,0.96,7,0.040936,0.057692,00:00:02
749,67,46,21,64,44,20,0.96,3,0.044776,0.047619,00:00:24
750,168,117,51,157,109,47,0.94,11,0.065476,0.078431,00:00:01
751,288,201,87,270,188,81,0.94,18,0.0625,0.068966,00:00:08
752,190,133,57,176,123,53,0.93,14,0.073684,0.070175,00:00:13
753,207,144,63,198,138,60,0.96,9,0.043478,0.047619,00:00:23
754,39,27,12,36,25,11,0.94,3,0.076923,0.083333,00:00:15
755,290,203,87,284,198,85,0.98,6,0.02069,0.022989,00:00:08
756,167,116,51,161,112,49,0.97,6,0.035928,0.039216,00:00:12
757,201,140,61,182,127,55,0.91,19,0.094527,0.098361,00:00:22
758,42,29,13,40,27,12,0.96,2,0.047619,0.076923,00:00:12
759,197,137,60,183,127,55,0.93,14,0.071066,0.083333,00:00:14
760,159,111,48,152,106,46,0.96,7,0.044025,0.041667,00:00:15
761,113,79,34,109,76,32,0.97,4,0.035398,0.058824,00:00:15
762,130,91,39,119,83,35,0.92,11,0.084615,0.102564,00:00:09
763,294,205,89,279,194,84,0.95,15,0.05102,0.05618,00:00:19
764,67,46,21,61,42,19,0.92,6,0.089552,0.095238,00:00:20
765,123,86,37,111,78,33,0.91,12,0.097561,0.108108,00:00:22
766,124,86,38,116,80,35,0.94,8,0.064516,0.078947,00:00:08
767,98,68,30,92,63,28,0.94,6,0.061224,0.066667,00:00:21
768,265,185,80,265,185,80,1.0,0,0.0,0.0,00:00:19
769,166,116,50,156,109,47,0.94,10,0.060241,0.06,00:00:06
770,105,73,32,97,67,29,0.93,8,0.07619,0.09375,00:00:20
771,64,44,20,61,42,19,0.96,3,0.046875,0.05,00:00:19
772,30,21,9,27,19,8,0.91,3,0.1,0.111111,00:00:04
773,89,62,27,89,62,27,1.0,0,0.0,0.0,00:00:23
774,296,207,89,284,198,85,0.96,12,0.040541,0.044944,00:00:07
775,258,180,78,252,176,76,0.98,6,0.023256,0.025641,00:00:04
776,299,209,90,275,192,82,0.92,24,0.080268,0.088889,00:00:22
777,242,169,73,227,158,68,0.94,15,0.061983,0.068493,00:00:12
778,194,135,59,182,126,55,0.94,12,0.061856,0.067797,00:00:13
779,34,23,11,33,22,10,0.98,1,0.029412,0.090909,00:00:03
780,107,74,33,96,66,29,0.9,11,0.102804,0.121212,00:00:22
781,91,63,28,84,58,26,0.93,7,0.076923,0.071429,00:00:12
782,161,112,49,161,112,49,1.0,0,0.0,0.0,00:00:02
783,118,82,36,112,77,34,0.95,6,0.050847,0.055556,00:00:24
784,266,186,80,250,174,75,0.94,16,0.06015,0.0625,00:00:02
785,71,49,22,64,44,20,0.91,7,0.098592,0.090909,00:00:23
786,118,82,36,118,82,36,1.0,0,0.0,0.0,00:00:09
787,133,93,40,119,83,36,0.9,14,0.105263,0.1,00:00:01
788,43,30,13,41,29,12,0.97,2,0.046512,0.076923,00:00:08
789,208,145,63,203,142,61,0.98,5,0.024038,0.031746,00:00:23
790,154,107,47,141,98,43,0.92,13,0.084416,0.085106,00:00:06
791,52,36,16,50,34,15,0.97,2,0.038462,0.0625,00:00:06
792,92,64,28,83,58,25,0.91,9,0.097826,0.107143,00:00:22
793,172,120,52,159,111,48,0.93,13,0.075581,0.076923,00:00:18
794,182,127,55,178,124,53,0.98,4,0.021978,0.036364,00:00:17
795,174,121,53,172,119,52,0.99,2,0.011494,0.018868,00:00:12
796,254,177,77,243,169,73,0.96,11,0.043307,0.051948,00:00:06
797,133,93,40,126,88,38,0.95,7,0.052632,0.05,00:00:08
798,133,93,40,122,85,36,0.92,11,0.082707,0.1,00:00:19
799,68,47,21,61,42,19,0.91,7,0.102941,0.095238,00:00:10
800,227,158,69,206,143,62,0.91,21,0.092511,0.101449,00:00:01
801,163,114,49,149,104,45,0.92,14,0.08589,0.081633,00:00:13
802,96,67,29,89,62,26,0.93,7,0.072917,0.103448,00:00:17
803,208,145,63,195,136,59,0.94,13,0.0625,0.063492,00:00:03
804,71,49,22,66,45,20,0.93,5,0.070423,0.090909,00:00:08
805,44,30,14,40,27,12,0.92,4,0.090909,0.142857,00:00:14
806,140,98,42,133,93,39,0.95,7,0.05,0.071429,00:00:03
807,186,130,56,182,127,54,0.98,4,0.021505,0.035714,00:00:16
808,260,182,78,241,169,72,0.93,19,0.073077,0.076923,00:00:13
809,186,130,56,184,128,55,0.99,2,0.010753,0.017857,00:00:20
810,67,46,21,66,45,20,0.99,1,0.014925,0.047619,00:00:24
811,126,88,38,115,80,34,0.92,11,0.087302,0.105263,00:00:17
812,283,198,85,277,194,83,0.98,6,0.021201,0.023529,00:00:13
813,225,157,68,216,150,65,0.96,9,0.04,0.044118,00:00:06
814,115,80,35,110,76,33,0.96,5,0.043478,0.057143,00:00:17
815,39,27,12,36,25,11,0.94,3,0.076923,0.083333,00:00:14
816,34,23,11,32,21,10,0.95,2,0.058824,0.090909,00:00:17
817,152,106,46,142,99,43,0.94,10,0.065789,0.065217,00:00:08
818,147,102,45,139,96,42,0.95,8,0.054422,0.066667,00:00:11
819,188,131,57,180,125,54,0.96,8,0.042553,0.052632,00:00:20
820,257,179,78,249,173,75,0.97,8,0.031128,0.038462,00:00:01
821,245,171,74,232,162,70,0.95,13,0.053061,0.054054,00:00:07
822,213,149,64,206,144,62,0.97,7,0.032864,0.03125,00:00:21
823,44,30,14,40,27,12,0.91,4,0.090909,0.142857,00:00:21
824,186,130,56,171,119,51,0.92,15,0.080645,0.089286,00:00:17
825,165,115,50,161,112,49,0.98,4,0.024242,0.02,00:00:10
826,290,203,87,269,188,80,0.93,21,0.072414,0.08046,00:00:11
827,186,130,56,167,117,50,0.9,19,0.102151,0.107143,00:00:22
828,76,53,23,69,48,21,0.92,7,0.092105,0.086957,00:00:09
829,202,141,61,185,129,56,0.92,17,0.084158,0.081967,00:00:09
830,159,111,48,159,111,48,1.0,0,0.0,0.0,00:00:24
831,124,86,38,119,82,36,0.96,5,0.040323,0.052632,00:00:05
832,144,100,44,142,99,43,0.99,2,0.013889,0.022727,00:00:17
833,272,190,82,261,182,78,0.96,11,0.040441,0.04878,00:00:09
834,98,68,30,93,64,28,0.95,5,0.05102,0.066667,00:00:17
835,177,123,54,164,114,50,0.93,13,0.073446,0.074074,00:00:24
836,40,28,12,38,26,11,0.96,2,0.05,0.083333,00:00:21
837,283,198,85,257,180,77,0.91,26,0.091873,0.094118,00:00:19
838,67,46,21,66,45,20,0.99,1,0.014925,0.047619,00:00:07
839,163,114,49,159,111,48,0.98,4,0.02454,0.020408,00:00:23
840,229,160,69,212,148,64,0.93,17,0.074236,0.072464,00:00:09
841,52,36,16,52,36,16,1.0,0,0.0,0.0,00:00:07
842,247,172,75,242,168,73,0.98,5,0.020243,0.026667,00:00:13
843,170,118,52,164,114,50,0.97,6,0.035294,0.038462,00:00:11
844,133,93,40,121,84,36,0.91,12,0.090226,0.1,00:00:14
845,239,167,72,227,158,68,0.95,12,0.050209,0.055556,00:00:19
846,140,98,42,133,93,39,0.95,7,0.05,0.071429,00:00:11
847,133,93,40,122,85,36,0.92,11,0.082707,0.1,00:00:13
848,200,140,60,182,127,54,0.91,18,0.09,0.1,00:00:14
849,162,113,49,158,110,48,0.98,4,0.024691,0.020408,00:00:13
850,156,109,47,141,99,42,0.91,15,0.096154,0.106383,00:00:01
851,135,94,41,129,90,39,0.96,6,0.044444,0.04878,00:00:08
852,121,84,37,119,83,36,0.99,2,0.016529,0.027027,00:00:12
853,80,56,24,79,55,23,0.99,1,0.0125,0.041667,00:00:19
854,58,40,18,53,37,16,0.93,5,0.086207,0.111111,00:00:12
855,243,170,73,240,168,72,0.99,3,0.012346,0.013699,00:00:08
856,296,207,89,266,186,80,0.9,30,0.101351,0.101124,00:00:08
857,286,200,86,257,180,77,0.9,29,0.101399,0.104651,00:00:21
858,130,91,39,124,87,37,0.96,6,0.046154,0.051282,00:00:13
859,139,97,42,130,91,39,0.94,9,0.064748,0.071429,00:00:12
860,211,147,64,198,138,60,0.94,13,0.061611,0.0625,00:00:16
861,30,21,9,28,20,8,0.96,2,0.066667,0.111111,00:00:01
862,84,58,26,77,53,23,0.92,7,0.083333,0.115385,00:00:13
863,178,124,54,163,114,49,0.92,15,0.08427,0.092593,00:00:07
864,166,116,50,157,110,47,0.95,9,0.054217,0.06,00:00:05
865,231,161,70,226,157,68,0.98,5,0.021645,0.028571,00:00:08
866,146,102,44,140,97,42,0.96,6,0.041096,0.045455,00:00:14
867,183,128,55,170,119,51,0.93,13,0.071038,0.072727,00:00:23
868,92,64,28,86,60,26,0.94,6,0.065217,0.071429,00:00:13
869,273,191,82,251,175,75,0.92,22,0.080586,0.085366,00:00:15
870,54,37,17,49,33,15,0.91,5,0.092593,0.117647,00:00:23
871,119,83,36,116,81,35,0.98,3,0.02521,0.027778,00:00:17
872,104,72,32,96,66,29,0.93,8,0.076923,0.09375,00:00:15
873,239,167,72,219,153,66,0.92,20,0.083682,0.083333,00:00:20
874,46,32,14,44,31,13,0.97,2,0.043478,0.071429,00:00:18
875,157,109,48,150,104,46,0.96,7,0.044586,0.041667,00:00:18
876,280,196,84,268,188,80,0.96,12,0.042857,0.047619,00:00:02
877,208,145,63,191,133,57,0.92,17,0.081731,0.095238,00:00:04
878,211,147,64,194,135,58,0.92,17,0.080569,0.09375,00:00:01
879,181,126,55,166,115,50,0.92,15,0.082873,0.090909,00:00:04
880,54,37,17,49,34,15,0.92,5,0.092593,0.117647,00:00:18
881,209,146,63,202,141,61,0.97,7,0.033493,0.031746,00:00:05
882,227,158,69,222,154,67,0.98,5,0.022026,0.028986,00:00:19
883,190,133,57,184,129,55,0.97,6,0.031579,0.035088,00:00:15
884,206,144,62,201,141,60,0.98,5,0.024272,0.032258,00:00:08
885,92,64,28,86,60,26,0.94,6,0.065217,0.071429,00:00:20
886,179,125,54,173,121,52,0.97,6,0.03352,0.037037,00:00:17
887,183,128,55,172,120,51,0.94,11,0.060109,0.072727,00:00:01
888,185,129,56,175,122,53,0.95,10,0.054054,0.053571,00:00:12
889,78,54,24,74,51,22,0.95,4,0.051282,0.083333,00:00:19
890,113,79,34,103,72,31,0.92,10,0.088496,0.088235,00:00:15
891,206,144,62,193,135,58,0.94,13,0.063107,0.064516,00:00:09
892,177,123,54,177,123,54,1.0,0,0.0,0.0,00:00:07
893,147,102,45,135,93,41,0.92,12,0.081633,0.088889,00:00:02
894,92,64,28,83,58,25,0.91,9,0.097826,0.107143,00:00:09
895,218,152,66,204,142,62,0.94,14,0.06422,0.060606,00:00:10
896,78,54,24,76,52,23,0.98,2,0.025641,0.041667,00:00:02
897,286,200,86,274,192,82,0.96,12,0.041958,0.046512,00:00:19
898,253,177,76,245,171,73,0.97,8,0.031621,0.039474,00:00:11
899,170,118,52,156,108,47,0.92,14,0.082353,0.096154,00:00:13
900,244,170,74,234,163,71,0.96,10,0.040984,0.040541,00:00:10
